"paper_id","title","authors","year","venue","publication_status","medical_task","dataset","imaging_modality","segmentation_target","classification_or_prediction_target","graph_type","node_definition","edge_or_hyperedge_definition","static_or_dynamic_structure","within_patient_or_cross_patient","segmentation_role","network_backbone","fusion_strategy","loss_functions","missing_modality_setting","training_protocol","main_methodological_contribution","main_limitations","relevance_to_my_work","possible_application","code_available","paper_link","code_link","verification_status"
"P01-AHGNN","A Novel Adaptive Hypergraph Neural Network for Enhancing Medical Image Segmentation","Shurong Chai; Rahul K. Jain; Shaocong Mo; Jiaqing Liu; Yulin Yang; Yinhao Li; Tomoko Tateyama; Lanfen Lin; Yen-Wei Chen","2024","MICCAI 2024","正式发表","腹部多器官与心脏 MRI 分割","Synapse; ACDC","CT; cine MRI","多器官; 心脏结构","无","hypergraph","低分辨率特征图展平后的空间位置/patch 为节点","每个节点通过自适应特征 KNN 形成超边，并叠加局部滑窗超边；由 incidence matrix 执行节点-超边传播","样本内动态 KNN + 固定局部结构","within-patient","primary task","CNN encoder-decoder + AHGNN blocks","超图分支与卷积分支在低分辨率语义层融合并残差更新","0.3 CE + 0.7 Dice；decoder deep supervision","未研究缺失模态","2D 224×224；SGD；Synapse 600 epochs, lr=0.003, batch=8；ACDC 200 epochs, lr=0.05, batch=8","同时编码非局部语义相似性与局部空间邻域，并按节点度调节超边规模","非脑肿瘤、非多模态；动态 KNN 对缺失模态噪声敏感；未证明优于同容量普通图的全部增益来自高阶关系","5","保留固定 5 条 anatomy hyperedges，仅借鉴低分辨率超图残差块、局部/远程关系并行和自适应边权，不直接引入 sample-wise KNN","是","https://papers.miccai.org/miccai-2024/027-Paper2689.html","https://github.com/11yxk/AHGNN","标题、正式状态、节点、超边、数据集、代码和主要训练协议已由 MICCAI 正文/补充材料核实"
"P02-HYCON","Multi-modal hypergraph contrastive learning for medical image segmentation","Weipeng Jing; Junze Wang; Donglin Di; Dandan Li; Yang Song; Lei Fan","2025","Pattern Recognition 165, 111544","正式发表","少标注多模态医学影像分割","MSD/TCIA lung cohort; BraTS（公开预览未明确版本）","CT; PET-CT; T1; T1ce; T2; FLAIR","肺部目标; 脑肿瘤","无","hypergraph","来自不同图像与模态的特征顶点；公开预览未完整说明空间粒度","教师 HCLN 跨图像、跨模态构造超边；同一超边内顶点作为高阶正样本，并向 MLP 学生蒸馏拓扑、上下文和关系","训练期学习/构造；推理期使用无图学生","cross-patient","primary task","跨模态生成网络 + hypergraph contrastive teacher + MLP student","先生成配对跨模态图像，再进行超图对比学习和 teacher-to-student distillation","分割损失 + 超图对比/蒸馏目标；精确权重需人工核查","不是缺失模态；面向 5%/10% 标注比例","两阶段训练；PyTorch；4×Tesla V100；epoch、batch、lr 在公开预览中不完整，需查全文/代码配置","用跨模态高阶正样本组织少标注分割表征，并将超图关系压缩到轻量学生","跨患者超边可能引入批次依赖；不处理任意模态缺失；节点空间粒度和完整超参数仍需人工核查","4","可借鉴跨模态一致性和关系蒸馏，将同一 anatomy ROI 的不同可用模态视为一致性组，而不采用跨患者推理图","是","https://www.sciencedirect.com/science/article/pii/S0031320325002043","https://github.com/reeive/HyCon","正式出版、任务、跨模态超图、代码和两阶段协议已核实；节点细粒度与部分超参数标记人工核查"
"P03-UHRNET","UHR-Net: An Uncertainty-Aware Hypergraph Refinement Network for Medical Image Segmentation","Shuokun Cheng; Jinghao Shi; Kun Sun","2026","arXiv:2604.28095","预印本","多类病灶与器官分割后验细化","Kvasir-SEG; Kvasir-Sessile; GlaS; ISIC 2016; ISIC 2017","内镜; 病理; 皮肤镜","息肉; 腺体; 皮肤病灶","无","hypergraph","特征图中每个像素位置为节点","前景/背景各设一组动态超边原型；由粗分割上下文预测样本特异偏移，点积产生 soft incidence，预测熵调节节点-超边归属","样本内动态 soft hypergraph；多尺度","within-patient","primary task","encoder-decoder + multi-scale UGHR blocks + dilated convolution branch","节点到超边再回到节点的传播与并行空洞卷积分支残差融合","Dice + BCE；另有 uncertainty-oriented image composition 预训练目标","未研究缺失模态","Adam, batch=16；五个数据集沿用 ConDSeg 划分；学习率和完整 schedule 需人工核查","将粗分割不确定性显式写入 soft incidence，并用前景/背景超边原型细化边界","截至 2026-07-14 仅为预印本；代码仓库较新且无 release；非 3D/脑 MRI；原型超边数量为手工超参","5","最适合启发 soft anatomy masks、boundary uncertainty 和 residual hyperedge gate；不应照搬像素级建图","是","https://arxiv.org/abs/2604.28095","https://github.com/CUGfreshman/UHR-Net","arXiv 正文、节点、soft incidence、损失、数据集及仓库已核实；正式发表状态为未发现"
"P04-REHYDIL","ReHyDIL: Resilient Hypergraph Neural Networks for Domain-Incremental Learning with Missing Modalities in Medical Image Segmentation","Junze Wang; Lei Fan; Weipeng Jing; Donglin Di; Yang Song; Sidong Liu; Cong Cong","2025","MICCAI 2025","正式发表","缺失模态域增量脑肿瘤分割","BraTS 2019, 335 patients","T1; T2; FLAIR; T1ce","脑肿瘤亚区","无","hypergraph","encoder 第 4/5 层的 B×H×W 特征位置展平为跨患者-空间节点","每个节点以自适应特征 KNN 形成动态超边，并叠加局部滑窗超边；CHSNet 在深层语义特征上传播","训练批次内动态；随增量域更新","cross-patient","primary task","segmentation encoder-decoder + CHSNet + replay/TAC continual-learning modules","深层超图特征进入分割解码器，并以 replay 和 topology-aware contrastive queue 抑制遗忘","分割目标 + topology-aware contrastive/continual-learning objectives；完整权重见正文/代码","按 T1→T2→FLAIR→T1ce 的域增量顺序，不等同于任意 15 种模态组合","患者级 8:1:1；2D axial 224×224；200 epochs；batch=64；Adam lr=1e-4, wd=4e-4；2×V100；10% replay","在缺失模态域增量场景中结合动态超图、回放与拓扑对比，保持旧域分割关系","问题设定是顺序域增量而非单模型任意缺失；跨患者 batch graph 可能造成批次依赖；动态 KNN 易受缺失模态扰动","5","可借鉴深层语义层超图位置、拓扑一致性正则和少量 replay；当前模型应保留固定 anatomy topology，避免跨患者 KNN","是","https://papers.miccai.org/miccai-2025/0430-Paper2774.html","https://github.com/reeive/ReHyDIL","MICCAI 正文、代码、节点/超边、BraTS2019、域顺序和训练协议已核实"
"P05-GNNTUMOR","A Joint Graph and Image Convolution Network for Automatic Brain Tumor Segmentation","Camillo Saueressig; Adam Berkley; Reshma Munbodh; Ritambhara Singh","2022","BrainLes 2021 workshop proceedings, LNCS 12962","正式发表","多模态脑肿瘤分割","BraTS 2021, 1251 training and 216 validation cases","T1; T1ce; T2; FLAIR","脑肿瘤区域","无","ordinary graph","每个受试者约 15,000 个 supervoxels 为节点，节点特征汇总四模态强度","相邻 supervoxels 以普通二元边连接；不是超边","患者内静态邻接，由 supervoxelization 决定","within-patient","primary task","7-layer GraphSAGE-pool GNN + shallow 2-layer CNN refinement","GNN 的 region logits 映射回 voxel grid，再由 CNN 细化粗分割","区域分割损失；正文未在公开摘要中完整列出全部权重，需查 PDF/代码","未研究缺失模态；默认四模态输入","GNN 超参随机搜索和 5-fold CV；最佳配置在全部训练数据上训练 3 次并选验证最优；完整细节见官方代码","给出清晰的 image→supervoxel graph→region logits→voxel refinement 数据流","约 15,000 节点计算重；supervoxel 质量影响上限；默认完整模态；普通图并非超图","5","直接借鉴 region-to-voxel/voxel-to-region 映射思想，用分割概率形成 5 个 soft anatomy nodes，而不构建大规模 supervoxel graph","是","https://arxiv.org/abs/2109.05580","https://github.com/rsinghlab/GNN-Tumor-Seg","正式出版、BraTS2021、supervoxel 节点、邻接边、GraphSAGE-CNN 流程和代码已核实"
"P06-VIGUNET","ViG-UNet: Vision Graph Neural Networks for Medical Image Segmentation","Juntao Jiang; Xiyu Chen; Guanzhong Tian; Yong Liu","2023","IEEE ISBI 2023","正式发表","2D 医学图像分割","ISIC 2016; ISIC 2017; Kvasir-SEG","皮肤镜; 内镜","皮肤病灶; 息肉","无","ordinary graph","图像/特征图 patch 为节点","每个节点连接特征空间 K=9 最近邻，使用 max-relative graph convolution；全部为二元有向边","每层按特征动态更新 KNN","within-patient","primary task","U-shaped vision GNN with Grapher and FFN blocks","encoder、bottleneck、decoder 多尺度图推理；skip features 相加","0.5 BCE + Dice","未研究缺失模态","2D 训练；旋转、翻转、归一化；CosineAnnealingLR(min=1e-5)；其余超参见论文","证明普通视觉图块可贯穿 U-Net 多尺度路径建模远程关系","约 0.7G 参数，远不适合作为轻量辅助头；动态 KNN 风险高；非脑 MRI；官方 GitHub 链接截至核查时为空仓库","3","只借鉴 bottleneck/低分辨率关系推理位置；不采用全尺度动态图或其参数规模","链接存在但仓库为空","https://april.zju.edu.cn/wp-content/papercite-data/pdf/jiang2023vig.pdf","https://github.com/juntaoJianggavin/ViG-UNet","论文标题、普通 KNN 图、K=9、数据集和损失已核实；代码链接为空，复现性有限"
"P07-GRAPHCL","GraphCL: Graph-based Clustering for Semi-supervised Medical Image Segmentation","Mengzhu Wang; Houcheng Su; Jiao Li; Chuan Li; Nan Yin; Li Shen; Jingcai Guo","2025","ICML 2025, PMLR 267","正式发表","半监督医学影像分割","ACDC; LA; Pancreas-NIH","cine MRI; cardiac MRI; abdominal CT","心脏; 左心房; 胰腺","无","ordinary graph","一个训练样本的 CNN 表示为节点，形成跨样本 dense instance graph","基于局部图像特征/原始特征计算普通 pairwise affinity，并以 GCN 对齐和无需预设 K 的聚类目标优化","训练批次/样本库内动态学习","cross-patient","primary task","BCP-style teacher-student segmentation backbone + GCN clustering","实例图正则嵌入半监督 teacher-student 流程，推理仍由分割网络完成","监督分割 + consistency/pseudo-label + graph clustering objectives","未研究缺失模态","公开代码提供 ACDC/LA/Pancreas 脚本；不同数据集使用 2D U-Net 或 3D V-Net；完整 schedule 见配置","用跨样本图聚类改善少标注条件下类内紧致和类间分离","跨患者/批次依赖；不是 anatomy graph；无多模态或缺失模态；对当前小规模 ROI 图并非直接替换","3","可将其聚类正则缩小为同一 ROI 跨模态/跨缺失组合的一致性约束，不把患者作为在线推理节点","是","https://proceedings.mlr.press/v267/wang25cq.html","https://github.com/dreamkily/GraphCL","PMLR 正式论文、普通实例图、任务、数据集和官方仓库已核实"
"P08-GRAPHFLOW","Graph Flow: Cross-Layer Graph Flow Distillation for Dual Efficient Medical Image Segmentation","Wenxuan Zou; Xingqun Qi; Wanting Zhou; Muyi Sun; Zhenan Sun; Caifeng Shan","2023","IEEE Transactions on Medical Imaging 42(4):1159-1171","正式发表","高效医学影像分割知识蒸馏","Gastric Cancer; Synapse; BUSI; CVC-ClinicDB","CT; ultrasound; endoscopy","胃癌; 多器官; 乳腺病灶; 息肉","无","ordinary graph","特征图的通道为节点；每个节点取最大激活附近 salience patch","通道 salience regions 之间的相关性为普通二元边；跨层变化构成 variation graph","由特征动态计算；teacher/student 间对齐","within-patient","primary task","FANet teacher; Mobile U-Net/ENet/ERFNet students","蒸馏 teacher 与 student 的跨层节点变化和边变化，并结合 logits/adversarial distillation","segmentation loss + graph-flow distillation + logits/adversarial distillation","未研究缺失模态","Adam, weight decay=2e-4；salience patch 胃癌 9×9、Synapse 3×3；完整数据集 schedule 见正文","不是传递分割消息，而是蒸馏跨层关系变化，保留轻量学生的结构知识","节点是通道而非解剖 ROI；不是超图；无公开可复现代码；教师性能/结构限制学生上限","3","可用于完整模态 teacher 向缺失模态 student 蒸馏 5 个 ROI 节点和 5 条超边的响应变化","否（未核实官方可用仓库）","https://pubmed.ncbi.nlm.nih.gov/36423314/","","正式期刊、任务、通道节点、相关性边和核心蒸馏机制已由 TMI/PubMed 与预印本核实；代码未核实"
"P09-ADAMM","AdaMM: Adaptive Missing-Modality Brain Tumor Segmentation with Learnable Graph Reasoning and Diffusion-based Modality Synthesis","Shenghao Zhu; Yifei Chen; Weihong Chen; Shuo Jiang; Guanyu Zhou; Yuanhan Wang; Feiwei Qin; Changmiao Wang; Qiyuan Tian","2026","Medical Image Analysis 112, 104108","正式发表","任意缺失模态脑肿瘤分割","BraTS 2018; BraTS 2024; Pretreat-MetsToBrain-Masks","T1; T1ce; T2; FLAIR","脑肿瘤/转移瘤区域","病灶存在性辅助预测","ordinary graph","每个患者 K=8 个可学习 anchor prototype 为节点","complete-feature graph 与 generated-feature graph 使用普通 pairwise similarity 边；跨图边由 cosine threshold 0.8 建立并经 GAT 推理","患者内动态学习；拓扑随特征变化","within-patient","primary task","full-modality teacher / missing-modality student + BBDM + GAT modules","缺失模态合成、双图关系对齐和 lesion-presence auxiliary classifier 联合","segmentation + diffusion/reconstruction + graph alignment + lesion-presence objectives；精确权重见论文/代码","每次迭代从 15 种非空 availability masks 中随机采样一种并 zero-fill；teacher 使用完整模态","80/20 patient split；14 个缺失模式适配器；详细 epoch/lr 以论文和配置为准","把缺失/完整表示组织为双普通图并以辅助病灶存在性抑制假阳性","不是超图；14 adapters 维护成本高；代码快照缺少部分 README 所述入口/模块；完整模态 teacher 假设不一定适用于天然不完整训练集","5","借鉴 mask-aware graph distillation、病灶存在性辅助目标和完整/缺失关系对齐；不照搬 14 adapters 或动态重构拓扑","部分（仓库公开但快照不完整）","https://doi.org/10.1016/j.media.2026.104108","https://github.com/Quanato607/AdaMM","期刊状态、普通图、K=8 anchors、跨图阈值、随机缺失 mask 和代码状态已核实"
"P10-D3SEG","D3Seg: Disentangled Diffusion and Dynamic Graph Fusion for Missing Modality Brain Tumor Segmentation","Danish Ali; Ajmal Mian; Naveed Akhtar; Ghulam Mubashar Hassan","2026","arXiv:2605.22249","预印本","任意缺失模态脑肿瘤分割","BraTS 2023 Glioma; external meningioma subset (279 cases)","T1; T1ce; T2; FLAIR","脑肿瘤亚区","无","ordinary graph","四个模态的全局描述符为节点；缺失模态槽位被 mask","模态间 cosine similarity 为普通二元边；显式使用 A、A²、A³ 多跳关系","患者内按输入动态计算并由 availability mask 稀疏化","within-patient","primary task","independent 3D encoders + MMGF + latent diffusion completion + EGDR decoder","两尺度模态图融合；仅补全缺失 T1ce/FLAIR；融合后再次按 availability mask 约束上下文","segmentation + diffusion/completion objectives；完整公式见预印本","报告全部 15 种组合；availability mask 同时约束模态图与融合上下文","训练 mask 采样、epoch、batch 和 checkpoint 规则在公开稿中仍需人工核查","以普通模态图显式编码可用模态关系，并将生成式补全限制在关键模态","截至 2026-07-14 仅为预印本且未发现官方代码；多跳 adjacency 不等于超图；扩散模块不适合作为当前 MVP","4","借鉴 availability-aware 模态关系与固定槽位 masking；当前模型只需将 mask/confidence 输入超边权重，不必引入 diffusion","否","https://arxiv.org/abs/2605.22249","","预印本真实性、数据集、普通模态图、A/A²/A³、15 组合已核实；训练细节与代码需人工核查"
"P11-GLIOMANET","An Attention-Guided CNN Framework for Segmentation and Grading of Glioma Using 3D MRI Scans","Prasun Chandra Tripathi; Soumen Bag","2023","IEEE/ACM Transactions on Computational Biology and Bioinformatics 20(3):1890-1904","正式发表","胶质瘤分割后分级与分子状态预测","BraTS/TCGA-derived glioma cohorts（精确版本和划分需人工核查）","3D multimodal MRI","胶质瘤区域","HGG/LGG; IDH; 1p/19q","no graph, multi-task reference","无显式图节点；分割网络产生肿瘤区域供后续预测网络使用","无边/超边；attention 不能写成 graph","两阶段固定 pipeline","within-patient","ROI generation","attention-guided 3D segmentation CNN + downstream multi-task grading CNN","空间/通道注意力增强分割，预测肿瘤 ROI 输入后续分级网络","分割损失 + 多任务分类损失；两阶段具体权重需人工核查","未研究缺失模态","官方仓库提供训练/测试代码；数据划分、完整超参需对照论文和脚本人工核查","将分割与多终点胶质瘤预测串联，直接展示 ROI 质量如何影响分类/分子预测","更接近级联而非共享编码器联合训练；hard ROI 会传播分割误差；缺失模态未研究；数据协议需进一步人工核查","5","直接启发 segmentation-guided ROI pooling，但应改为 soft ROI、保留 baseline ROI fallback，并避免测试时真实标签","是","https://pubmed.ncbi.nlm.nih.gov/36350865/","https://github.com/prasunc/Gliomanet","正式状态、两阶段分割-分级框架、预测目标和官方仓库已核实；精确 cohort/超参需人工核查"
"P12-MULTITASKIDH","Multi-task glioma segmentation and IDH mutation and 1p19q codeletion classification via a deep learning model on multimodal MRI","Erin Beate Bjørkeli; Morteza Esmaeili","2025","Meta-Radiology 3(2), 100152","正式发表","脑胶质瘤分割与分子分型多任务学习","BraTS 2020, 132 examinations with molecular labels","T1; T1ce; T2; FLAIR","edema; necrotic/non-enhancing core; enhancing tumor","IDH mutation; 1p/19q codeletion","no graph, multi-task reference","无显式图节点；shared bottleneck representation 供分割 decoder 与分类 heads 使用","无边/超边","固定共享 encoder-decoder 结构","within-patient","auxiliary task","4-level CNN encoder-decoder + fully connected molecular heads","分类 heads 接于 bottleneck；各模态预测以 majority vote 汇总","联合分割和分类损失；公开预览未给完整公式/权重，需人工核查","未研究缺失模态；默认四模态可用","132 例按 80/20 划分；其余优化细节需人工核查","以共享瓶颈同时优化肿瘤亚区分割和分子分类，是最直接的分类主/辅任务结构参考之一","样本很小且类别不平衡；无外部验证；majority vote 不能自然处理任意缺失；图结构缺失","5","直接借鉴 shared encoder + segmentation decoder + classification head，但 checkpoint 和损失权重必须以分类为主，并用 availability-aware fusion 替代 majority vote","否","https://www.sciencedirect.com/science/article/pii/S2950162825000207","","题名、期刊、BraTS2020、132 例、任务和 bottleneck 多任务结构已核实；损失权重/优化器需人工核查"
"P13-BREASTCASCADE","Development and validation of a deep learning model for breast lesion segmentation and characterization in multiparametric MRI","Jingjin Zhu; Jiahui Geng; Wei Shan; Boya Zhang; Huaqing Shen; Xiaohan Dong; Mei Liu; Xiru Li; Liuquan Cheng","2022","Frontiers in Oncology 12:946580","正式发表","乳腺病灶分割与良恶性分类","internal and external breast mpMRI cohorts; 2823 segmentation cases; 3303 internal/123 external classification cases","DCE-MRI; DWI","乳腺病灶","benign vs malignant","no graph, multi-task reference","无图节点；预测 segmentation mask/掩膜图像作为分类 ROI","无边/超边","两阶段固定 cascade","within-patient","ROI generation","2D V-Net for DCE; Attention U-Net for DWI; 3D ResNet classifier","DCE/DWI 分别分割，mask-guided volume 输入 3D classifier","分割损失与分类损失分阶段优化","未研究缺失模态","segmentation: Adam, 80 epochs, batch=16, lr=1e-4 with decay; classification: batch=12, lr=1e-3 after epoch 5；含翻转/90°旋转","大规模内外部验证说明分割可作为分类前处理和关注区域生成器","不是联合训练；hard mask 误差直接污染分类；非脑 MRI；无图/超图；未研究模态缺失","3","作为 hard segmentation-to-classification cascade 的正反例，支持采用 soft mask、fallback ROI 和端到端但受控的梯度","否","https://pmc.ncbi.nlm.nih.gov/articles/PMC9402900/","","全文、数据规模、两阶段结构和训练协议已核实"
"P14-ACN","Adversarial Co-training Network for Brain Tumor Segmentation with Missing Modalities","Yixin Wang; Yang Zhang; Yang Liu; Zihao Lin; Jiang Tian; Cheng Zhong; Zhongchao Shi; Jianping Fan; Zhiqiang He","2021","MICCAI 2021","正式发表","缺失模态脑肿瘤分割","BraTS 2018, 285 cases","T1; T1ce; T2; FLAIR","脑肿瘤亚区","无","no graph, multi-task reference","无图节点；完整模态与特定缺失子集网络的 feature maps","无边/超边；adversarial feature/entropy alignment 不是 graph","按缺失子集建立固定模型","within-patient","primary task","complete-modality network + missing-subset networks + adversarial discriminators","完整与缺失网络 co-training，通过 entropy/knowledge adversarial transfer 传递模态互补信息","segmentation + entropy adversarial + knowledge adversarial objectives","覆盖多种缺失情况，但需为不同子集部署专用模型；训练通常依赖完整病例","随机训练/验证协议；是否设置独立测试集和各 mask 采样比例需人工核查","建立完整模态 teacher-like 分支与缺失分支的协同监督，是后续 teacher-student 缺失分割的重要基线","多模型部署重；完整模态假设强；不是一模型覆盖 15 组合；协议中独立测试集描述有限","4","借鉴完整/缺失表示对齐，但只蒸馏 segmentation logits 或 ROI features；不为 15 种组合训练 15 个分类器","是","https://miccai2021.org/openaccess/paperlinks/2021/09/01/039-Paper0901.html","https://github.com/Wangyixinxin/ACN","MICCAI 正式状态、BraTS2018、对抗协同训练和代码已核实；完整划分与 mask 采样需人工核查"
"P15-MMFORMER","mmFormer: Multimodal Medical Transformer for Incomplete Multimodal Learning of Brain Tumor Segmentation","Yao Zhang; Nanjun He; Jiawei Yang; Yuexiang Li; Dong Wei; Yawen Huang; Yang Zhang; Zhiqiang He; Yefeng Zheng","2022","MICCAI 2022","正式发表","任意缺失模态脑肿瘤分割","BraTS 2018","T1; T1ce; T2; FLAIR","脑肿瘤亚区","无","graph-like relational reasoning","每个模态的 3D CNN feature tokens；注意力 token 不是显式图节点","intra-modal 与 inter-modal Transformer attention 建模关系；没有 incidence matrix 或超边","按 availability mask 动态参与融合","within-patient","primary task","four modality-specific 3D CNN encoders + intra/inter-modal Transformers + decoder","缺失 feature slot 置零/掩码；可用模态 tokens 经跨模态 Transformer 融合；多尺度辅助分割","主分割 + modality-specific/deep supervision segmentation losses","训练时从 4 模态独立 Bernoulli(0.5) 采样非空组合；单模型测试全部 15 组合；训练病例具有完整原始模态","BraTS2018；单模型 all-combination protocol；完整 epoch/lr/batch 见官方配置","以 modality-specific encoders 和 mask-aware attention 在一个模型中覆盖全部缺失组合","attention 不是 graph/hypergraph；模型较重；训练依赖可获得完整病例再模拟缺失；分割 decoder 不宜整体移植到分类网络","5","直接借鉴每模态辅助 segmentation supervision、随机非空 modality dropout 和 mask-aware fusion；保留现有超图分类主干","是","https://doi.org/10.1007/978-3-031-16443-9_11","https://github.com/YaoZhang93/mmFormer","正式状态、BraTS2018、单模型 15 组合、modality-specific encoders、attention 和代码已核实"
"P16-M3AE","M3AE: Multimodal Representation Learning for Brain Tumor Segmentation with Missing Modalities","Hong Liu; Dong Wei; Donghuan Lu; Jinghan Sun; Liansheng Wang; Yefeng Zheng","2023","AAAI 2023","正式发表","缺失模态脑肿瘤分割表征学习","BraTS 2018; BraTS 2020","T1; T1ce; T2; FLAIR","脑肿瘤亚区","无","no graph, multi-task reference","无显式图节点；每模态 patch tokens/latent features 用于 masked autoencoding","无边/超边","预训练时随机 mask modalities/patches；微调结构固定","within-patient","pretraining task","masked multimodal autoencoder + segmentation fine-tuning network","阶段一大比例 modality/patch masking 重建；阶段二同一患者两个缺失视图进行 bottleneck self-distillation","reconstruction + bottleneck consistency/self-distillation + segmentation loss","单模型覆盖全部 15 组合；训练用完整病例生成缺失视图；masked ratio 0.875","两阶段预训练/微调；模型反演产生 global substitute；完整优化细节见官方代码","把缺失模态鲁棒性前移到表征预训练，并用同患者缺失视图一致性稳定 latent representation","全局 substitute 可能弱化 ROI 局部解剖；预训练成本高；不是多任务分类；无显式关系图","4","可将同患者不同缺失组合的一致性施加到 5 个 anatomy node embeddings 或 pooled subject representation，并用分割预训练初始化 encoder","是","https://ojs.aaai.org/index.php/AAAI/article/view/25253","https://github.com/ccarliu/m3ae","AAAI 正式状态、数据集、两阶段 M3AE、15 组合和代码已核实"
"P17-GSS","Scratch Each Other's Back: Incomplete Multi-Modal Brain Tumor Segmentation via Category Aware Group Self-Support Learning","Yansheng Qiu; Delin Chen; Hongdou Yao; Yongchao Xu; Zheng Wang","2023","ICCV 2023","正式发表","任意缺失模态脑肿瘤分割","BraTS 2015; BraTS 2018; BraTS 2020","T1; T1ce; T2; FLAIR","脑肿瘤亚区","无","graph-like relational reasoning","不同可用模态对同一类别的预测/特征构成 group；不是显式图节点","category-aware group 内由 sensitive leader 生成高置信共同目标；没有二元边或超边","训练期按类别和置信度动态选择；推理无附加图结构","within-patient","pseudo-label supervision","plug-in group self-support module on RFNet/mmFormer","不同模态对同一类别互相提供软伪标签，并以随机空间 mask 选择高置信区域","base segmentation + category-aware group self-support consistency loss","覆盖全部 15 组合；可插入既有 missing-modality segmentation backbones","训练期插件；公开代码含 BraTS15/18/20 设置；随机 soft-label mask 约 20% 区域","把跨模态一致性细化到类别级，并用高置信区域控制伪监督噪声","不是 graph/hypergraph；leader 错误可能自强化；仍以分割为主任务；分类收益未经验证","4","把 group self-support 改为同一 anatomy ROI 在不同缺失组合/模态下的节点一致性，并由 segmentation confidence 筛选","是","https://openaccess.thecvf.com/content/ICCV2023/html/Qiu_Scratch_Each_Others_Back_Incomplete_Multi-Modal_Brain_Tumor_Segmentation_via_ICCV_2023_paper.html","https://github.com/qysgithubopen/GSS","ICCV 正文、类别分组、自支持机制、15 组合、数据集和代码已核实；明确标为关系推理而非超图"
"P18-META","Enhancing Modality-Agnostic Representations via Meta-Learning for Brain Tumor Segmentation","Aishik Konwer; Xiaoling Hu; Joseph Bae; Xuan Xu; Chao Chen; Prateek Prasanna","2023","ICCV 2023","正式发表","天然不完整/模态异构脑肿瘤分割","BraTS 2018; BraTS 2019; BraTS 2020; two heteromodal clinical cohorts","T1; T1ce; T2; FLAIR and heterogeneous clinical MRI","脑肿瘤亚区","无","no graph, multi-task reference","无图节点；共享参数的 modality encoders 与固定模态 slots","无边/超边；meta-learning task relation 和 adversarial modality discriminator 不等于 graph","按 meta-train partial tasks/meta-test limited full cases 动态训练","within-patient","representation regularization","modified SwinUNETR with shared-parameter modality encoders + meta-learning + adversarial discriminator","固定模态 slots/zero fill；meta-learning 使部分模态任务从有限完整病例获得快速适应；discriminator 对齐完整/缺失表示","segmentation + meta-learning outer/inner objectives + adversarial modality-invariance loss","主设置仅 50% subjects 拥有完整模态；评估全部 15 组合，并扩展到异构临床 cohort","128³；3×RTX8000；per-task batch=1, meta-batch=8；公开划分 200/85、250/85、269/100；详细 schedule 见论文","不要求所有训练受试者都有完整模态，直接处理现实中的不完整训练分布","meta-learning 训练复杂；固定槽位和 zero fill 仍可能产生模态捷径；不是分类或图方法","4","适合指导自然缺失训练协议：按 availability task 组织训练，并让 segmentation auxiliary weight/共享层随缺失严重度调整","未发现官方代码","https://openaccess.thecvf.com/content/ICCV2023/papers/Konwer_Enhancing_Modality-Agnostic_Representations_via_Meta-Learning_for_Brain_Tumor_Segmentation_ICCV_2023_paper.pdf","","ICCV 正式状态、数据集、50% 完整病例、meta-learning/adversarial 机制和训练规模已核实；未发现官方仓库"
