paper_id,theme,year,title,authors,venue_or_status,task,dataset_or_evidence,method_focus,missing_modality_handling,hypergraph_connection,relevance_to_project,verification,identifier,notes
HYP-2021-UNIGNN,hypergraph_learning,2021,"UniGNN: a Unified Framework for Graph and Hypergraph Neural Networks","Jing Huang; Jie Yang",arXiv preprint,hypergraph node classification,"Multiple real-world hypergraph benchmarks","Unified message-passing view for graph and hypergraph neural networks",N/A,"Directly relevant to the project's HGNN design vocabulary and message-passing framing","Useful background for explaining how GNN variants can be generalized to hypergraphs","https://arxiv.org/abs/2105.00956","arXiv:2105.00956","Keep as core hypergraph-learning background; not MRI-specific."
HYP-2021-ALLSET,hypergraph_learning,2021,"You are AllSet: A Multiset Function Framework for Hypergraph Neural Networks","Eli Chien; Chao Pan; Jianhao Peng; Olgica Milenkovic",arXiv preprint,hypergraph node classification,"Ten known benchmarks plus three curated hypergraph datasets","Hypergraph layers as compositions of learnable multiset functions",N/A,"Relevant for higher-order aggregation alternatives beyond fixed incidence propagation","Good comparator for flexible hyperedge/node aggregation language","https://arxiv.org/abs/2106.13264","arXiv:2106.13264","Use as a modern HGNN method reference; verify final venue before manuscript citation."
HYP-2022-EDHNN,hypergraph_learning,2022,"Equivariant Hypergraph Diffusion Neural Operators","Peihao Wang; Shenghao Yang; Yunyu Liu; Zhangyang Wang; Pan Li",arXiv preprint,hypergraph node classification,"Nine real-world hypergraph datasets","Equivariant hypergraph diffusion operator implemented through star expansion plus message passing",N/A,"Relevant to dynamic or diffusion-style hypergraph reasoning over irregular higher-order relations","Useful for justifying higher-order relations and diffusion/message-passing design choices","https://arxiv.org/abs/2207.06680","arXiv:2207.06680","Keep as technical background; not medical-imaging-specific."
HYP-2023-HYPERGT,hypergraph_learning,2023,"Hypergraph Transformer for Semi-Supervised Classification","Zexi Liu; Bohan Tang; Ziyuan Ye; Xiaowen Dong; Siheng Chen; Yanfeng Wang",arXiv preprint,semi-supervised hypergraph classification,"Real-world hypergraph node classification tasks","Transformer-style global node-hyperedge interaction plus incidence-based positional encoding",N/A,"Relevant to the project's interest in combining local hypergraph propagation with broader context","Potential related method if discussing global hypergraph interactions","https://arxiv.org/abs/2312.11385","arXiv:2312.11385","Use conservatively unless final publication status is verified."
HYP-2025-REVIEW,hypergraph_learning,2025,"Recent Advances in Hypergraph Neural Networks","Murong Yang; Xin-Jian Xu",arXiv preprint,hypergraph neural network review,N/A,"Taxonomy covering HGCN/HGAT/HGAE/HGRN/deep hypergraph generative models",N/A,"Useful for positioning the project's two-stage hypergraph model within recent HGNN categories","Good source for taxonomy and open-problem framing, not a primary method baseline","https://arxiv.org/abs/2503.07959","arXiv:2503.07959","Review article; cite only after checking whether a peer-reviewed version exists."
BTS-2021-TRANSBTS,brain_tumor_mri_segmentation,2021,"TransBTS: Multimodal Brain Tumor Segmentation Using Transformer","Wenxuan Wang; Chen Chen; Meng Ding; Jiangyun Li; Hong Yu; Sen Zha",arXiv preprint,3D multimodal brain tumor segmentation,"BraTS 2019 and BraTS 2020","3D CNN encoder-decoder with Transformer global modeling",not designed primarily for missing modalities,"No explicit hypergraph; important transformer baseline for multimodal BraTS segmentation","Baseline context for non-hypergraph multimodal MRI segmentation","https://arxiv.org/abs/2103.04430","arXiv:2103.04430","Include as segmentation baseline context, not as missing-modality work."
BTS-2021-REDUNDANCY,brain_tumor_mri_segmentation,2021,"Redundancy Reduction in Semantic Segmentation of 3D Brain Tumor MRIs","Md Mahfuzur Rahman Siddiquee; Andriy Myronenko",arXiv preprint / BraTS 2021 challenge report,3D brain tumor segmentation,"BraTS 2021 validation board","Encoder-decoder segmentation with redundancy-reduction training and confidence ensembling",not designed primarily for missing modalities,"No explicit hypergraph; BraTS challenge performance context","Useful for current BraTS segmentation benchmark landscape","https://arxiv.org/abs/2111.00742","arXiv:2111.00742","Challenge-method source; avoid overclaiming clinical validation."
BTS-2022-SWINUNETR,brain_tumor_mri_segmentation,2022,"Swin UNETR: Swin Transformers for Semantic Segmentation of Brain Tumors in MRI Images","Ali Hatamizadeh; Vishwesh Nath; Yucheng Tang; Dong Yang; Holger Roth; Daguang Xu",arXiv preprint / BraTS 2021 challenge method,3D multimodal brain tumor segmentation,"BraTS 2021","Hierarchical Swin Transformer encoder with FCNN decoder skip connections",not designed primarily for missing modalities,"No explicit hypergraph; relevant strong transformer segmentation baseline","Important modern architecture comparator for multimodal MRI segmentation","https://arxiv.org/abs/2201.01266","arXiv:2201.01266","Good baseline context; not a missing-modality method."
BTS-2022-MULTICNN,brain_tumor_mri_segmentation,2022,"Multimodal CNN Networks for Brain Tumor Segmentation in MRI: A BraTS 2022 Challenge Solution","Ramy A. Zeineldin; Mohamed E. Karar; Oliver Burgert; Franziska Mathis-Ullrich",arXiv preprint / BraTS 2022 challenge solution,brain tumor segmentation,"BraTS 2022 continuous evaluation; Sub-Saharan Africa unseen test dataset","Ensemble of DeepSeg, nnU-Net, and DeepSCAN",not designed primarily for missing modalities,"No explicit hypergraph; benchmark/challenge context","Useful for segmentation-performance landscape and external test-set discussion","https://arxiv.org/abs/2212.09310","arXiv:2212.09310","Challenge solution; use mainly as empirical context."
BTS-2026-HYPERCONN,brain_tumor_mri_segmentation,2026,"Hyper-Connections for Adaptive Multi-Modal MRI Brain Tumor Segmentation","Lokendra Kumar; Shubham Aggarwal",arXiv preprint,3D multimodal brain tumor segmentation,"BraTS 2021","Dynamic hyper-connections as drop-in replacement for residual connections across nnU-Net, SwinUNETR, VT-UNet, U-Net, and U-Net++",modality ablation reported but not framed as full missing-modality learning,"Terminology is hyper-connections rather than hypergraph; adjacent fusion mechanism","Potential recent comparator for adaptive multimodal fusion, but not direct HGNN","https://arxiv.org/abs/2603.19844","arXiv:2603.19844","Very recent preprint; verify novelty and peer-review status before citing strongly."
CLS-2021-XAI,brain_tumor_mri_classification,2021,"Improving a neural network model by explanation-guided training for glioma classification based on MRI data","Frantisek Sefcik; Wanda Benesova",arXiv preprint,glioma grade classification,"Low-grade vs high-grade glioma classification experiments","CNN training guided by layer-wise relevance propagation explanations",not designed for missing modalities,"No explicit hypergraph; classification-side relevance for HGG/LGG task","Useful as classification-context paper, especially for explainability-aware training","https://arxiv.org/abs/2107.02008","arXiv:2107.02008","Classification paper is less central than BraTS missing-modality segmentation works."
MM-2021-ACN,missing_modality_multimodal_mri,2021,"ACN: Adversarial Co-training Network for Brain Tumor Segmentation with Missing Modalities","Yixin Wang; Yang Zhang; Yang Liu; Zihao Lin; Jiang Tian; Cheng Zhong; Zhongchao Shi; Jianping Fan; Zhiqiang He",arXiv preprint,missing-modality brain tumor segmentation,"BraTS 2018","Adversarial co-training between full-modality and missing-modality models plus entropy/knowledge adversarial modules","Dedicated models for different missing situations; recovers missing information in latent/domain space","No explicit hypergraph; strong missing-modality baseline context","Core related work for missing-modality BraTS robustness","https://arxiv.org/abs/2106.14591","arXiv:2106.14591","Important 2021 baseline; verify final venue before formal citation."
MM-2022-MAFNET,missing_modality_multimodal_mri,2022,"Multi-modal Brain Tumor Segmentation via Missing Modality Synthesis and Modality-level Attention Fusion","Ziqi Huang; Li Lin; Pujin Cheng; Linkai Peng; Xiaoying Tang",arXiv preprint,missing-modality synthesis plus segmentation,"BraTS 2020","Patchwise contrastive learning, missing-modality synthesis, and modality-level attention fusion","Synthesizes unavailable modalities such as T1ce and uses attention fusion downstream","No explicit hypergraph; synthesis-based missing-modality comparator","Relevant if positioning against modality reconstruction/completion methods","https://arxiv.org/abs/2203.04586","arXiv:2203.04586","Useful for the distinction between zeroing missing inputs, synthesis, and latent completion."
MM-2022-MMFORMER,missing_modality_multimodal_mri,2022,"mmFormer: Multimodal Medical Transformer for Incomplete Multimodal Learning of Brain Tumor Segmentation","Yao Zhang; Nanjun He; Jiawei Yang; Yuexiang Li; Dong Wei; Yawen Huang; Yang Zhang; Zhiqiang He; Yefeng Zheng",arXiv preprint,missing-modality brain tumor segmentation,"BraTS 2018","Hybrid modality-specific CNN/Transformer encoders plus inter-modal Transformer alignment",single model robust to arbitrary available modality subsets,"No explicit hypergraph; transformer-based incomplete multimodal baseline","Core comparator for incomplete multimodal BraTS segmentation","https://arxiv.org/abs/2206.02425","arXiv:2206.02425","High relevance; verify final conference/journal version if needed."
MM-2022-DIGEST,missing_modality_multimodal_mri,2022,"DIGEST: Deeply supervIsed knowledGE tranSfer neTwork learning for brain tumor segmentation with incomplete multi-modal MRI scans","Haoran Li; Cheng Li; Weijian Huang; Xiawu Zheng; Yan Xi; Shanshan Wang",arXiv preprint,missing-modality brain tumor segmentation,"BraTS 2020","Teacher-student knowledge transfer with deeply supervised consistency at decoder stages","Simulates modality-missing conditions by Bernoulli sampling and trains incomplete multimodal student","No explicit hypergraph; knowledge-transfer baseline","Relevant to compare with training-time missing simulation and distillation","https://arxiv.org/abs/2211.07993","arXiv:2211.07993","Useful for distillation-based missing-modality branch."
MM-2023-M3AE,missing_modality_multimodal_mri,2023,"M3AE: Multimodal Representation Learning for Brain Tumor Segmentation with Missing Modalities","Hong Liu; Dong Wei; Donghuan Lu; Jinghan Sun; Liansheng Wang; Yefeng Zheng",arXiv preprint,missing-modality brain tumor segmentation,"BraTS 2018 and BraTS 2020","Multimodal masked autoencoder pretraining, model inversion, and memory-efficient self-distillation","Masks random modalities and patches during reconstruction; substitutes representative full-modal image at inference","No explicit hypergraph; representation-learning baseline for missing modalities","Core recent missing-modality paper for self-supervised representation framing","https://arxiv.org/abs/2303.05302","arXiv:2303.05302","High relevance to any latent-feature completion discussion."
MM-2024-MPPA,missing_modality_multimodal_mri,2024,"Unveiling Incomplete Modality Brain Tumor Segmentation: Leveraging Masked Predicted Auto-Encoder and Divergence Learning","Zhongao Sun; Jiameng Li; Yuhan Wang; Jiarong Cheng; Qing Zhou; Chun Li",arXiv preprint,missing-modality brain tumor segmentation,"BraTS 2018 and BraTS 2020","Masked predicted pretraining plus Holder pseudo-divergence distillation","Learns robust features from incomplete modalities and aligns complete/missing features during fine-tuning","No explicit hypergraph; recent autoencoder/distillation comparator","Relevant to current 2024 missing-modality pretraining trend","https://arxiv.org/abs/2406.08634","arXiv:2406.08634","Recent preprint; verify final publication status before citing as established."
MM-2024-ALIGN,missing_modality_multimodal_mri,2024,"Mind the Gap: Promoting Missing Modality Brain Tumor Segmentation with Alignment","Tianyi Liu; Zhaorui Tan; Haochuan Jiang; Xi Yang; Kaizhu Huang",arXiv preprint,missing-modality brain tumor segmentation,"Different backbones evaluated on missing-modality segmentation experiments","Distribution-anchor alignment and knowledge distillation for modality-invariant features","Aligns latent features across modalities to reduce modality gaps between teacher and students","No explicit hypergraph; alignment-based missing-modality comparator","Relevant for explaining feature-alignment alternatives to hypergraph/fusion designs","https://arxiv.org/abs/2409.19366","arXiv:2409.19366","Good source for modality-gap framing; preprint status."
MM-2025-REHYDIL,missing_modality_multimodal_mri;hypergraph_learning,2025,"Hypergraph Tversky-Aware Domain Incremental Learning for Brain Tumor Segmentation with Missing Modalities","Junze Wang; Lei Fan; Weipeng Jing; Donglin Di; Yang Song; Sidong Liu; Cong Cong",arXiv preprint,missing-modality brain tumor segmentation under domain-incremental learning,"BraTS 2019","Replay-based domain incremental learning, cross-patient hypergraph segmentation network, Tversky-aware contrastive loss","Learns from newly available MRI modalities without forgetting earlier modality domains","Direct hypergraph use for cross-patient high-order associations","Very close topical overlap: hypergraph + missing modalities + brain tumor MRI","https://arxiv.org/abs/2505.16809","arXiv:2505.16809","High-priority candidate but very recent; verify code/final version before strong claims."
MM-2025-ADAMM,missing_modality_multimodal_mri,2025,"No Modality Left Behind: Adapting to Missing Modalities via Knowledge Distillation for Brain Tumor Segmentation","Shenghao Zhu; Yifei Chen; Weihong Chen; Shuo Jiang; Guanyu Zhou; Yuanhan Wang; Feiwei Qin; Changmiao Wang; Qiyuan Tian",arXiv preprint,missing-modality brain tumor segmentation,"BraTS 2018 and BraTS 2024","Graph-guided adaptive refinement, bi-bottleneck distillation, lesion-presence-guided reliability","Knowledge distillation for single-modality and weak-modality configurations","Graph-guided refinement but not necessarily hypergraph","Recent comparator for graph-guided missing-modality distillation","https://arxiv.org/abs/2509.15017","arXiv:2509.15017","Recent 2025 preprint; useful but should be treated as emerging evidence."
MM-2026-SIUM,missing_modality_multimodal_mri,2026,"Set-Inclusive Uncertainty Modeling for Robust Brain Tumor Segmentation","Seunghun Baek; Jihwan Park; Jaeyoon Sim; Hoseok Lee; Seungjoo Lee; Won Hwa Kim",arXiv preprint,missing-modality brain tumor segmentation,"BraTS 2018 and BraTS 2020","Probabilistic representation with variance tied to information deficiency and set-inclusive subset ordering","Models uncertainty induced by missing evidence across modality subsets","No explicit hypergraph; relevant for uncertainty and subset hierarchy under missing modalities","Potential future-facing comparator for missing-modality reliability, but very recent","https://arxiv.org/abs/2606.30374","arXiv:2606.30374","Added because it is within the requested 2021-2026 window as of 2026-07-06; preprint-only."
